{
  "harms": [
    2310.395,
    1440.182,
    520.42,
    1333.62,
    111.533
  ],
  "funds": [
    2252.917,
    1399.513,
    512.516,
    1450.209,
    239.927
  ],
  "corrs": [
    2252.9166,
    1399.4215,
    512.516,
    1450.0034,
    239.9131
  ],
  "rots": [
    [
      -0.0003498,
      0,
      -0.0003498
    ],
    [
      -0.0007561,
      0,
      -0.0007561
    ],
    [
      -0.0006588,
      0,
      -0.0006588
    ],
    [
      -0.0006274,
      0,
      -0.0006274
    ],
    [
      -0.0004761,
      0,
      -0.0004761
    ],
    [
      -7.7e-05,
      0,
      -7.7e-05
    ],
    [
      -0.0011624,
      0,
      -0.0011624
    ],
    [
      -0.0009678,
      0,
      -0.0009678
    ],
    [
      -0.0009049,
      0,
      -0.0009049
    ],
    [
      -0.0006024,
      0,
      -0.0006024
    ],
    [
      0.0001958,
      0,
      0.0001958
    ],
    [
      -0.0010651,
      0,
      -0.0010651
    ],
    [
      -0.0010336,
      0,
      -0.0010336
    ],
    [
      -0.0008824,
      0,
      -0.0008824
    ],
    [
      -0.0004833,
      0,
      -0.0004833
    ],
    [
      -0.0009363,
      0,
      -0.0009363
    ],
    [
      -0.0007851,
      0,
      -0.0007851
    ],
    [
      -0.000386,
      0,
      -0.000386
    ],
    [
      -0.0007536,
      0,
      -0.0007536
    ],
    [
      -0.0003545,
      0,
      -0.0003545
    ],
    [
      -0.0002033,
      0,
      -0.0002033
    ]
  ]
}
