{
  "harms": [
    3710.088,
    1463.117,
    978.984,
    759.879,
    543.537,
    465.707
  ],
  "funds": [
    3508.761,
    1417.352,
    948.322,
    738.218,
    516.629,
    454.519
  ],
  "corrs": [
    3508.7614,
    1420.458,
    938.1875,
    738.2185,
    516.6285,
    454.5194
  ],
  "rots": [
    [
      0.3564991,
      0.3068564,
      1.8429496
    ],
    [
      0.3561895,
      0.306803,
      1.8386931
    ],
    [
      0.3555631,
      0.3064089,
      1.8405158
    ],
    [
      0.3549115,
      0.3061182,
      1.8350732
    ],
    [
      0.3540915,
      0.3039263,
      1.8317845
    ],
    [
      0.3566492,
      0.3062327,
      1.8408892
    ],
    [
      0.3557323,
      0.3053445,
      1.8550307
    ]
  ]
}
