{
  "harms": [
    3306.605,
    1641.656,
    1052.814,
    761.131,
    1319.702,
    1017.858,
    0,
    0,
    0,
    0
  ],
  "funds": [
    0,
    0,
    0,
    0,
    0,
    0,
    0,
    0
  ],
  "corrs": [
    0,
    0,
    0,
    0,
    0,
    0,
    0,
    0
  ],
  "rots": [
    [
      0,
      0,
      0.5134605
    ],
    [
      0,
      0,
      0.5119343
    ],
    [
      0,
      0,
      0.5119661
    ],
    [
      0,
      0,
      0.5129101
    ],
    [
      0,
      0,
      0.5143381
    ],
    [
      0,
      0,
      0.5119988
    ],
    [
      0,
      0,
      0.5138329
    ],
    [
      0,
      0,
      0.5147853
    ],
    [
      0,
      0,
      0.5147853
    ],
    [
      0,
      0,
      0.5104081
    ],
    [
      0,
      0,
      0.5104716
    ],
    [
      0,
      0,
      0.5123596
    ],
    [
      0,
      0,
      0.5152158
    ],
    [
      0,
      0,
      0.5105372
    ],
    [
      0,
      0,
      0.5142054
    ],
    [
      0,
      0,
      0.5161101
    ],
    [
      0,
      0,
      0.5161101
    ],
    [
      0,
      0,
      0.5104399
    ],
    [
      0,
      0,
      0.5113839
    ],
    [
      0,
      0,
      0.512812
    ],
    [
      0,
      0,
      0.5104727
    ],
    [
      0,
      0,
      0.5123068
    ],
    [
      0,
      0,
      0.5132591
    ],
    [
      0,
      0,
      0.5132591
    ],
    [
      0,
      0,
      0.5114156
    ],
    [
      0,
      0,
      0.5128437
    ],
    [
      0,
      0,
      0.5105044
    ],
    [
      0,
      0,
      0.5123385
    ],
    [
      0,
      0,
      0.5132909
    ],
    [
      0,
      0,
      0.5132909
    ],
    [
      0,
      0,
      0.5137877
    ],
    [
      0,
      0,
      0.5114484
    ],
    [
      0,
      0,
      0.5132825
    ],
    [
      0,
      0,
      0.5142349
    ],
    [
      0,
      0,
      0.5142349
    ],
    [
      0,
      0,
      0.5128765
    ],
    [
      0,
      0,
      0.5147106
    ],
    [
      0,
      0,
      0.515663
    ],
    [
      0,
      0,
      0.515663
    ],
    [
      0,
      0,
      0.5123713
    ],
    [
      0,
      0,
      0.5133237
    ],
    [
      0,
      0,
      0.5133237
    ],
    [
      0,
      0,
      0.5151578
    ],
    [
      0,
      0,
      0.5151578
    ],
    [
      0,
      0,
      0.5161101
    ]
  ]
}
