  {
  "harms": [
    1632.594,
    1583.484,
    1064.582,
    936.013,
    451.793,
    156.374
  ],
  "funds": [
    1528.669,
    1472.241,
    1039.493,
    916.211,
    445.47,
    190.317
  ],
  "corrs": [
    1528.6689,
    1463.5861,
    1039.4932,
    923.2559,
    445.4697,
    190.317
  ],
  "geom": {
    "atoms": [
      {
        "atomic_number": 6,
        "x": -1.2684461,
        "y": 0.0,
        "z": 0.0
      },
      {
        "atomic_number": 16,
        "x": 0.3196713,
        "y": 0.0,
        "z": 0.0
      },
      {
        "atomic_number": 1,
        "x": 1.2414472,
        "y": -1.0291707,
        "z": 0.0
      },
      {
        "atomic_number": 1,
        "x": 1.2414472,
        "y": 1.0291707,
        "z": 0.0
      }
    ]
  },
  "irreps": [
    "A1",
    "B2",
    "A1",
    "A1",
    "B2",
    "B1"
  ],
  "lxm": [
    [
      -0.0059792,
      0.0,
      0.0,
      -0.215533,
      0.0,
      0.0,
      0.4366641,
      -0.5348638,
      0.0,
      0.4366641,
      0.5348638,
      0.0
    ],
    [
      0.0,
      -0.0341638,
      0.0,
      0.0,
      0.2892846,
      0.0,
      0.4144679,
      -0.5345933,
      0.0,
      -0.4144679,
      -0.5345933,
      0.0
    ],
    [
      -0.6983609,
      0.0,
      0.0,
      0.5308175,
      0.0,
      0.0,
      -0.2051358,
      -0.2705212,
      0.0,
      -0.2051358,
      0.2705212,
      0.0
    ],
    [
      0.512111,
      0.0,
      0.0,
      -0.0754802,
      0.0,
      0.0,
      -0.4746404,
      -0.3751519,
      0.0,
      -0.4746404,
      0.3751519,
      0.0
    ],
    [
      0.0,
      0.4057546,
      0.0,
      0.0,
      -0.3890698,
      0.0,
      0.5134853,
      0.2798692,
      0.0,
      -0.5134853,
      0.2798692,
      0.0
    ],
    [
      0.0,
      0.0,
      -0.2814344,
      0.0,
      0.0,
      0.4694749,
      0.0,
      0.0,
      -0.5917719,
      0.0,
      0.0,
      -0.5917719
    ]
  ],
  "rots": [
    [
      0.5825962,
      0.5063142,
      3.8722549
    ],
    [
      0.5816015000000001,
      0.5047661,
      3.8111347
    ],
    [
      0.5811134,
      0.5050712,
      3.8245921
    ],
    [
      0.5789485,
      0.5022713,
      3.8766998
    ],
    [
      0.5824031,
      0.5044647,
      3.8899609
    ],
    [
      0.5843646,
      0.504641,
      4.0173808
    ],
    [
      0.5809641000000001,
      0.5091666,
      3.656212
    ]
  ],
  "rot_equil": [
    3.95103,
    0.58568,
    0.51007
  ],
  "deltas": {
    "big_delta_j": 0.0187792994,
    "big_delta_k": 4.1138947921,
    "big_delta_jk": 0.7876314179,
    "delta_j": 0.0027348967,
    "delta_k": 0.4659025452,
    "d_j": 0.0161914682,
    "d_jk": 0.8031584047,
    "d_k": 4.1009556364,
    "d1": -0.0027348967,
    "d2": -0.0012939156,
    "de": null
  },
  "phis": {
    "big_phi_j": -2.144239959e-09,
    "big_phi_k": 0.0006167525393,
    "big_phi_jk": 1.6559292e-05,
    "big_phi_kj": -0.00012950064939999998,
    "phi_j": 2.954418184e-09,
    "phi_jk": 8.223502084e-06,
    "phi_k": 0.0005702724869,
    "h_j": -4.0535041170000004e-08,
    "h_jk": 4.721773169999999e-06,
    "h_kj": -8.94663913e-05,
    "h_k": 0.0005885941907999999,
    "h1": -5.424370915e-09,
    "h2": 1.91954006e-08,
    "h3": 8.378789099e-09,
    "he": null
  },
  "fermi": {
    "4": [
      [
        5,
        5
      ],
      [
        5,
        5
      ]
    ],
    "2": [
      [
        5,
        3
      ],
      [
        5,
        4
      ]
    ]
  },
  "coriolis": {
    "modes": [],
    "axes": []
  },
  "zpt": 2879.5552,
  "curvils": [
    {
      "Bond": [
        1,
        2
      ]
    },
    {
      "Bond": [
        2,
        3
      ]
    },
    {
      "Bond": [
        2,
        4
      ]
    },
    {
      "Angle": [
        2,
        1,
        3
      ]
    },
    {
      "Angle": [
        2,
        1,
        4
      ]
    },
    {
      "Torsion": [
        1,
        2,
        3,
        4
      ]
    }
  ],
  "ralpha": [
    1.5952642,
    1.3870531,
    1.3870531,
    131.5494359,
    131.5494359
  ],
  "requil": [
    1.5881174,
    1.3816161,
    1.3816161,
    131.8491888,
    131.8491888
  ]
}
