{
  "phij": 0.0,
  "phijk": 0.0,
  "phikj": 0.0,
  "phik": 0.0,
  "sphij": 0.0,
  "sphijk": 0.0,
  "sphik": 0.0,
  "hj": 1.2303200255958408e-8,
  "hjk": -4.234534255694984e-8,
  "hkj": 5.1064581984914376e-8,
  "hk": -1.3370985647010505e-8,
  "h1": -1.4202855450086074e-13,
  "h2": -4.074764215716194e-13,
  "h3": -1.2817097977161252e-9,
  "he": 0.0
}