{
  "sigma": -19346314.7573086,
  "rkappa": 0.999999793242,
  "delj": 0.0,
  "delk": 0.0,
  "deljk": 0.0,
  "sdelk": 0.0,
  "sdelj": 0.0,
  "bxa": 0.0,
  "bya": 0.0,
  "bza": 0.0,
  "djn": 0.000125297555,
  "djkn": -0.00016243873,
  "dkn": 0.000132973234,
  "sdjn": 3.6e-11,
  "r5": 7e-12,
  "r6": 1.03e-10,
  "dj": 0.000125297555,
  "djk": -0.00016243873,
  "dk": 0.000132973234,
  "sd1": -3.6e-11,
  "sd2": 1.03e-10,
  "bxs": 4.503419281073,
  "bys": 4.503419337181,
  "bzs": 3.960102930421,
  "djw": 0.000125297422,
  "djkw": -0.000162438422,
  "dkw": 0.000132973058
}
