{
  "phij": 1.2303200257e-08,
  "phijk": -4.2345342566e-08,
  "phikj": 5.1064581989e-08,
  "phik": -1.3370985646e-08,
  "sphij": -1.4202855451e-13,
  "sphijk": -4.074764215e-13,
  "sphik": -1.2817097977e-09
}
