{
  "harms": [
    2428.155,
    1015.483,
    2437.002,
    1145.761
  ],
  "funds": [
    2331.344,
    997.794,
    2334.793,
    1119.726
  ],
  "corrs": [
    2331.3437,
    997.7936,
    2336.3398,
    1119.655
  ],
  "rots": [
    [
      4.4443825,
      4.4443825,
      3.9032816
    ],
    [
      4.3994537,
      4.3994537,
      3.8694988
    ],
    [
      4.4416664,
      4.4416665,
      3.9279199
    ],
    [
      4.3980177,
      4.3980178,
      3.8812121
    ],
    [
      4.4555328,
      4.4555329,
      3.8731021
    ],
    [
      4.3545249,
      4.354525,
      3.835716
    ],
    [
      4.4389504,
      4.4389505,
      3.9525582
    ],
    [
      4.3516529,
      4.351653,
      3.8591425
    ],
    [
      4.4666832,
      4.4666832,
      3.8429226
    ],
    [
      4.3967377,
      4.3967377,
      3.8941371
    ],
    [
      4.3530889,
      4.353089,
      3.8474292
    ],
    [
      4.410604,
      4.4106041,
      3.8393193
    ],
    [
      4.3953017,
      4.3953017,
      3.9058504
    ],
    [
      4.4528168,
      4.4528168,
      3.8977404
    ],
    [
      4.409168,
      4.4091681,
      3.8510325
    ]
  ]
}
