{
  "harms": [
    3809.779,
    2332.442,
    1270.245,
    1081.39,
    488.56,
    429.901
  ],
  "funds": [
    3621.929,
    2288.916,
    1231.527,
    1066.216,
    504.289,
    445.662
  ],
  "corrs": [
    3621.9294,
    2292.38,
    1231.5269,
    1079.9997,
    504.2886,
    445.6618
  ],
  "rots": [
    [
      0.3523504,
      0.346423,
      22.4999743
    ],
    [
      0.352175,
      0.34604,
      21.4986087
    ],
    [
      0.349884,
      0.3440299,
      22.4633993
    ],
    [
      0.3526666,
      0.3463084,
      23.8779931
    ],
    [
      0.3507352,
      0.3446956,
      22.4627085
    ],
    [
      0.3528746,
      0.3475376,
      22.2057081
    ],
    [
      0.3538101,
      0.3470999,
      22.6985812
    ]
  ]
}
