{
  "harms": [
    3380.204,
    3344.337,
    3343.909,
    3343.294,
    1439.168,
    1149.151,
    1148.802,
    1147.682,
    891.241,
    886.095,
    880.108,
    838.864,
    835.461,
    777.788,
    771.999,
    765.922,
    566.473,
    558.632
  ],
  "funds": [
    3242.571,
    3210.903,
    3210.302,
    3208.139,
    1411.88,
    1096.5,
    1097.515,
    1095.875,
    849.734,
    849.764,
    835.723,
    810.296,
    805.919,
    751.138,
    753.776,
    742.033,
    496.87,
    482.759
  ],
  "corrs": [
    3242.5713,
    3210.9032,
    3210.3023,
    3208.1392,
    1425.1357,
    1096.5002,
    1094.6412,
    1090.8827,
    849.7344,
    849.7639,
    835.7229,
    810.2964,
    805.9192,
    751.1381,
    753.7756,
    742.0329,
    496.8697,
    482.7592
  ],
  "rots": [
    [
      0.4559019,
      0.4547815,
      0.4558809
    ],
    [
      0.455026,
      0.453899,
      0.4550195
    ],
    [
      0.455034,
      0.4537991,
      0.4552851
    ],
    [
      0.4552468,
      0.4537816,
      0.4550601
    ],
    [
      0.4549463,
      0.4542856,
      0.4548413
    ],
    [
      0.4549359,
      0.453848,
      0.4549161
    ],
    [
      0.4561907,
      0.4553468,
      0.4565757
    ],
    [
      0.4563434,
      0.4553999,
      0.4562153
    ],
    [
      0.4553987,
      0.4538614,
      0.4550796
    ],
    [
      0.457819,
      0.4561818,
      0.4601852
    ],
    [
      0.4623555,
      0.4558652,
      0.45612
    ],
    [
      0.4486816,
      0.4534834,
      0.4524423
    ],
    [
      0.4565293,
      0.4538861,
      0.4552532
    ],
    [
      0.4549463,
      0.4539326,
      0.45636
    ],
    [
      0.4650496,
      0.4553146,
      0.4566724
    ],
    [
      0.4526731,
      0.454393,
      0.4560935
    ],
    [
      0.4476677,
      0.4534697,
      0.4523917
    ],
    [
      0.4548189,
      0.4540517,
      0.4553754
    ],
    [
      0.4554897,
      0.4541019,
      0.4548451
    ]
  ]
}
