{
  "harms": [
    3264.822,
    1709.976,
    1310.757,
    1092.795,
    921.716,
    893.76,
    591.235,
    395.18,
    351.939
  ],
  "funds": [
    3129.814,
    1679.059,
    1281.711,
    1064.117,
    898.2,
    879.542,
    582.401,
    392.398,
    347.745
  ],
  "corrs": [
    3128.83,
    1691.9809,
    1282.644,
    1062.4676,
    898.2001,
    879.6539,
    581.0406,
    392.3982,
    347.7454
  ],
  "rots": [
    [
      0.1374882,
      0.1224249,
      1.128302
    ],
    [
      0.1373797,
      0.1222984,
      1.1247954
    ],
    [
      0.1368957,
      0.1219478,
      1.1266753
    ],
    [
      0.1372282,
      0.1223023,
      1.127745
    ],
    [
      0.1373924,
      0.1220562,
      1.1260272
    ],
    [
      0.1376164,
      0.1223856,
      1.1566739
    ],
    [
      0.1374861,
      0.1224793,
      1.0925511
    ],
    [
      0.1371245,
      0.1221314,
      1.127431
    ],
    [
      0.1376929,
      0.122702,
      1.1232773
    ],
    [
      0.1377254,
      0.1223995,
      1.1338044
    ]
  ]
}
