{
  "harms": [
    3662.008,
    1860.304,
    1315.003,
    1079.906,
    607.07,
    574.775
  ],
  "funds": [
    3446.112,
    1819.369,
    1286.693,
    1033.229,
    600.577,
    518.662
  ],
  "corrs": [
    3446.1116,
    1817.5753,
    1286.9597,
    1033.6949,
    600.5775,
    518.6617
  ],
  "rots": [
    [
      0.3910313,
      0.3607362,
      4.7617549
    ],
    [
      0.3909078,
      0.3605827,
      4.7487512
    ],
    [
      0.3894197,
      0.3592739,
      4.7154798
    ],
    [
      0.390573,
      0.3597104,
      4.8079473
    ],
    [
      0.3884034,
      0.3578507,
      4.7810876
    ],
    [
      0.3911953,
      0.3602744,
      5.1528544
    ],
    [
      0.389072,
      0.3603423,
      4.4467663
    ]
  ]
}
