{
  "harms": [
    2456.771,
    1118.359,
    1042.043
  ],
  "funds": [
    2332.799,
    1090.809,
    1019.654
  ],
  "corrs": [
    2332.7987,
    1090.8085,
    1019.6544
  ],
  "rots": [
    [
      0.6846319,
      0.6389746,
      10.0071996
    ],
    [
      0.6859957,
      0.6391513,
      9.687075
    ],
    [
      0.6809738,
      0.6348731,
      10.0710464
    ],
    [
      0.6822896,
      0.6346649,
      10.1260294
    ]
  ]
}
