{
  "harms": [
    3271.18,
    2280.092,
    1728.134,
    1277.181,
    1116.452,
    947.108,
    904.098,
    680.796,
    532.756,
    530.114,
    221.142,
    203.562
  ],
  "funds": [
    3136.761,
    2242.58,
    1695.656,
    1246.041,
    1087.839,
    921.975,
    890.682,
    673.115,
    528.761,
    523.807,
    219.295,
    201.566
  ],
  "corrs": [
    3136.0875,
    2241.0332,
    1685.7184,
    1244.3688,
    1087.5313,
    922.2249,
    890.6818,
    671.4269,
    528.7607,
    523.8073,
    219.2952,
    201.566
  ],
  "rots": [
    [
      0.1166492,
      0.1056846,
      1.1368335
    ],
    [
      0.1165708,
      0.105585,
      1.1326727
    ],
    [
      0.1161427,
      0.1052705,
      1.137102
    ],
    [
      0.1162427,
      0.105343,
      1.1351947
    ],
    [
      0.1165701,
      0.105549,
      1.1339893
    ],
    [
      0.1165123,
      0.105478,
      1.1368353
    ],
    [
      0.1167297,
      0.1056707,
      1.1559961
    ],
    [
      0.1166163,
      0.1057192,
      1.1133994
    ],
    [
      0.1165142,
      0.1055331,
      1.1359255
    ],
    [
      0.1168107,
      0.1058827,
      1.1333334
    ],
    [
      0.116789,
      0.1057395,
      1.1411689
    ],
    [
      0.116961,
      0.1060522,
      1.131179
    ],
    [
      0.1170902,
      0.1058623,
      1.142033
    ]
  ]
}
