{
  "harms": [
    2606.124,
    918.826,
    604.341
  ],
  "funds": [
    2467.437,
    884.361,
    586.708
  ],
  "corrs": [
    2467.4369,
    884.3609,
    586.7084
  ],
  "rots": [
    [
      0.265684,
      0.2584409,
      9.9503932
    ],
    [
      0.2663187,
      0.2588742,
      9.6580354
    ],
    [
      0.2652422,
      0.2575404,
      10.1524622
    ],
    [
      0.2640669,
      0.2568285,
      9.9430647
    ]
  ]
}
