{
  "harms": [
    3380.204,
    3344.337,
    3343.909,
    3343.294,
    1439.168,
    1149.151,
    1148.802,
    1147.682,
    891.241,
    886.095,
    880.108,
    838.864,
    835.461,
    777.788,
    771.999,
    765.922,
    566.473,
    558.632
  ],
  "funds": [
    3242.571,
    3210.903,
    3210.302,
    3208.139,
    1411.88,
    1096.5,
    1097.515,
    1095.875,
    849.734,
    849.764,
    835.723,
    810.296,
    805.919,
    751.138,
    753.776,
    742.033,
    496.87,
    482.759
  ],
  "corrs": [
    3242.5713,
    3210.9032,
    3210.3023,
    3208.1392,
    1425.1356,
    1096.5002,
    1094.6412,
    1090.8827,
    849.7344,
    849.7639,
    835.7229,
    810.2964,
    805.9192,
    751.1381,
    753.7756,
    742.0329,
    496.8697,
    482.7592
  ],
  "rots": [
    [
      0.4559016,
      0.4547812,
      0.4558807
    ],
    [
      0.4550257,
      0.4538987,
      0.4550193
    ],
    [
      0.4550338,
      0.4537988,
      0.4552848
    ],
    [
      0.4552465,
      0.4537813,
      0.4550599
    ],
    [
      0.454946,
      0.4542853,
      0.4548411
    ],
    [
      0.4549356,
      0.4538477,
      0.4549158
    ],
    [
      0.4561905,
      0.4553465,
      0.4565755
    ],
    [
      0.4563431,
      0.4553997,
      0.4562151
    ],
    [
      0.4553984,
      0.4538611,
      0.4550793
    ],
    [
      0.4578187,
      0.4561816,
      0.4601849
    ],
    [
      0.4623552,
      0.4558649,
      0.4561197
    ],
    [
      0.4486813,
      0.4534831,
      0.4524421
    ],
    [
      0.4565291,
      0.4538858,
      0.455253
    ],
    [
      0.4549461,
      0.4539324,
      0.4563598
    ],
    [
      0.4650493,
      0.4553144,
      0.4566722
    ],
    [
      0.4526728,
      0.4543927,
      0.4560932
    ],
    [
      0.4476675,
      0.4534694,
      0.4523915
    ],
    [
      0.4548187,
      0.4540514,
      0.4553752
    ],
    [
      0.4554894,
      0.4541017,
      0.4548448
    ]
  ]
}
