  {
  "harms": [
    1706.89
  ],
  "funds": [
    1659.045
  ],
  "corrs": [
    1659.0446
  ],
  "rots": [
    [
      -0.0761335,
      0.0,
      -0.0761335
    ],
    [
      -0.2284005,
      0.0,
      -0.2284005
    ]
  ]
}
