  {
  "harms": [
    2283.089,
    2190.978,
    1360.957,
    1024.159,
    584.539,
    203.845
  ],
  "funds": [
    2079.234,
    1988.608,
    1321.348,
    1000.091,
    575.795,
    268.019
  ],
  "corrs": [
    2079.2335,
    1988.6081,
    1321.3475,
    998.076,
    575.7952,
    268.0192
  ],
  "geom": {
    "atoms": [
      {
        "atomic_number": 6,
        "x": -1.2141169,
        "y": 0.0,
        "z": 0.0
      },
      {
        "atomic_number": 16,
        "x": 0.3740005,
        "y": 0.0,
        "z": 0.0
      },
      {
        "atomic_number": 1,
        "x": 1.2957764,
        "y": -1.0291707,
        "z": 0.0
      },
      {
        "atomic_number": 1,
        "x": 1.2957764,
        "y": 1.0291707,
        "z": 0.0
      }
    ]
  },
  "irreps": [
    "A1",
    "B2",
    "A1",
    "A1",
    "B2",
    "B1"
  ],
  "lxm": [
    [
      -0.0205798,
      0.0,
      0.0,
      -0.1415454,
      0.0,
      0.0,
      0.4341261,
      -0.5489127,
      0.0,
      0.4341261,
      0.5489127,
      0.0
    ],
    [
      0.0,
      -0.0229913,
      0.0,
      0.0,
      0.2074064,
      0.0,
      0.4264074,
      -0.5444297,
      0.0,
      -0.4264074,
      -0.5444297,
      0.0
    ],
    [
      -0.0837588,
      0.0,
      0.0,
      0.2368276,
      0.0,
      0.0,
      -0.5224428,
      -0.4421562,
      0.0,
      -0.5224428,
      0.4421562,
      0.0
    ],
    [
      0.8553489,
      0.0,
      0.0,
      -0.4781704,
      0.0,
      0.0,
      -0.1291236,
      -0.0565044,
      0.0,
      -0.1291236,
      0.0565044,
      0.0
    ],
    [
      0.0,
      0.3154198,
      0.0,
      0.0,
      -0.316526,
      0.0,
      0.5287837,
      0.3472011,
      0.0,
      -0.5287837,
      0.3472011,
      0.0
    ],
    [
      0.0,
      0.0,
      -0.215894,
      0.0,
      0.0,
      0.3601437,
      0.0,
      0.0,
      -0.6417501,
      0.0,
      0.0,
      -0.6417501
    ]
  ],
  "rots": [
    [
      0.6555657,
      0.603825,
      7.6544702
    ],
    [
      0.6553863,
      0.6027965,
      7.4920599
    ],
    [
      0.6549744,
      0.6033272,
      7.517397000000001
    ],
    [
      0.6564784,
      0.6013,
      7.6975219
    ],
    [
      0.6491384,
      0.5986087,
      7.6655649
    ],
    [
      0.6567888,
      0.6014445,
      8.0928276
    ],
    [
      0.6519288,
      0.6051195,
      6.9784112
    ]
  ],
  "rot_equil": [
    7.89599,
    0.65991,
    0.60901
  ],
  "deltas": {
    "big_delta_j": 0.0272415982,
    "big_delta_k": 18.3644583518,
    "big_delta_jk": 1.2592980189,
    "delta_j": 0.0023071561,
    "delta_k": 0.7510952023,
    "d_j": 0.0259254422,
    "d_jk": 1.2671949546,
    "d_k": 18.3578775721,
    "d1": -0.0023071561,
    "d2": -0.000658078,
    "de": null
  },
  "phis": {
    "big_phi_j": -2.6183736190000002e-08,
    "big_phi_k": 0.0045383354669999995,
    "big_phi_jk": 2.190038308e-05,
    "big_phi_kj": -0.0005390180764000001,
    "phi_j": 3.815037174e-10,
    "phi_jk": 1.0635533199999999e-05,
    "phi_k": 0.002300363622,
    "h_j": -4.519413504e-08,
    "h_jk": 6.70058582e-06,
    "h_kj": -0.0004880669295,
    "h_k": 0.0045026031279999995,
    "h1": -2.9728359249999998e-09,
    "h2": 9.505199422e-09,
    "h3": 3.354339642e-09,
    "he": null
  },
  "fermi": {
    "4": [
      [
        5,
        5
      ]
    ]
  },
  "coriolis": {
    "modes": [],
    "axes": []
  },
  "zpt": 3763.4713,
  "curvils": [
    {
      "Bond": [
        1,
        2
      ]
    },
    {
      "Bond": [
        2,
        3
      ]
    },
    {
      "Bond": [
        2,
        4
      ]
    },
    {
      "Angle": [
        2,
        1,
        3
      ]
    },
    {
      "Angle": [
        2,
        1,
        4
      ]
    },
    {
      "Torsion": [
        1,
        2,
        3,
        4
      ]
    }
  ],
  "ralpha": [
    1.5964466,
    1.3874622,
    1.3874622,
    131.3665726,
    131.3665726
  ],
  "requil": [
    1.5881174,
    1.3816161,
    1.3816161,
    131.8491888,
    131.8491888
  ]
}
