{
  "harms": [
    3829.97,
    1899.777,
    1260.686,
    1085.832,
    621.852,
    530.512
  ],
  "funds": [
    3652.018,
    2128.537,
    1794.998,
    1007.518,
    808.478,
    3418.179
  ],
  "corrs": [
    3652.0178,
    2128.8435,
    1794.968,
    1007.4888,
    808.4784,
    3418.1787
  ],
  "rots": [
    [
      0.3809712,
      0.3561261,
      5.5972874
    ],
    [
      0.3806727,
      0.3556971,
      5.5507481
    ],
    [
      0.3794098,
      0.3547053,
      5.5547595
    ],
    [
      0.3808951,
      0.3555448,
      5.6932975
    ],
    [
      0.3780486,
      0.3531443,
      5.6220752
    ],
    [
      0.3810973,
      0.3556063,
      5.9779623
    ],
    [
      0.3801825,
      0.3563577,
      5.2454544
    ]
  ]
}
