{
  "phij": 1.5503366235450794e-14,
  "phijk": 4.470451117886362e-12,
  "phikj": -3.554299651527591e-12,
  "phik": 6.8842052924493515e-12,
  "sphij": 9.289958054915445e-15,
  "sphijk": 2.3611167272927194e-12,
  "sphik": 7.585008446076385e-11,
  "hj": -1.512965730111863e-14,
  "hjk": 8.989680674355057e-13,
  "hkj": 8.810139209706203e-12,
  "hk": -1.8781174898669396e-12,
  "h1": 3.070835045490037e-15,
  "h2": 1.531651176828471e-14,
  "h3": 6.219123010759663e-15,
  "he": 0.0
}