{
"sigma":      37.739255945133,
"rkappa":      -0.896745564611,
"delj":       0.000000068098,
"delk":       0.000003582681,
"deljk":       0.000001136014,
"sdelk":       0.000000764190,
"sdelj":       0.000000013874,
"bxa":       0.254419115061,
"bya":       0.207313314976,
"bza":       1.119720681311,
"djn":       0.000000065566,
"djkn":       0.000001151208,
"dkn":       0.000003570019,
"sdjn":       0.000000013874,
"r5":      -0.000000286530,
"r6":      -0.000000001266,
"dj":       0.000000057974,
"djk":       0.000001196762,
"dk":       0.000003532058,
"sd1":      -0.000000013874,
"sd2":      -0.000000005062,
"bxs":       0.254417566432,
"bys":       0.207314823107,
"bzs":       1.119720731934,
"djw":       0.000000040350,
"djkw":       0.000000035239,
"dkw":       0.000000020258
}
