{
    "phij":     1.5503366236e-14,
    "phijk":     4.4704511194e-12,
    "phikj":    -3.5542996506e-12,
    "phik":     6.8842052939e-12,
    "sphij":     9.2899580550e-15,
    "sphijk":     2.3611167273e-12,
    "sphik":     7.5850084472e-11
}
