{
  "harms": [
    3271.224,
    1820.6,
    1393.922,
    1156.23,
    944.799,
    909.29,
    790.442,
    466.378,
    465.657
  ],
  "funds": [
    3135.578,
    1782.351,
    1366.455,
    1125.374,
    921.476,
    895.199,
    774.043,
    459.524,
    461.231
  ],
  "corrs": [
    3123.5249,
    1765.6431,
    1362.8589,
    1125.3741,
    921.4759,
    894.3075,
    771.1421,
    459.5238,
    461.2312
  ],
  "rots": [
    [
      0.25345,
      0.2060651,
      1.1112124
    ],
    [
      0.2531361,
      0.2057576,
      1.1082518
    ],
    [
      0.2518907,
      0.2050268,
      1.1093062
    ],
    [
      0.2524999,
      0.2056112,
      1.1138862
    ],
    [
      0.253707,
      0.2053848,
      1.1034911
    ],
    [
      0.2535451,
      0.2059421,
      1.1466593
    ],
    [
      0.2533683,
      0.20618,
      1.0720712
    ],
    [
      0.2533736,
      0.2058003,
      1.1073881
    ],
    [
      0.2541974,
      0.2058228,
      1.1160047
    ],
    [
      0.253394,
      0.2065637,
      1.1068368
    ]
  ]
}
