{
  "phij": 0.0,
  "phijk": 0.0,
  "phikj": 0.0,
  "phik": 0.0,
  "sphij": 0.0,
  "sphijk": 0.0,
  "sphik": 0.0,
  "hj": 5.824876655169223e-14,
  "hjk": -3.6801358091536784e-13,
  "hkj": 3.3139569932076145e-13,
  "hk": 6.894345484168251e-13,
  "h1": -4.0547684525139057e-17,
  "h2": -9.716776991100957e-17,
  "h3": 8.590057462352838e-15,
  "he": 0.0
}