{
  "sigma": -9999999999999.0,
  "rkappa": -0.999999999986,
  "delj": 0.0,
  "delk": 0.0,
  "deljk": 0.0,
  "sdelk": 0.0,
  "sdelj": 0.0,
  "bxa": 0.0,
  "bya": 0.0,
  "bza": 0.0,
  "djn": 9.9379e-08,
  "djkn": 2.2409e-07,
  "dkn": 5.8423e-08,
  "sdjn": -1e-12,
  "r5": -1e-12,
  "r6": 0.0,
  "dj": 9.9379e-08,
  "djk": 2.2409e-07,
  "dk": 5.8423e-08,
  "sd1": 1e-12,
  "sd2": 0.0,
  "bxs": 0.305307920094,
  "bys": 0.305307920105,
  "bzs": 0.425033887348,
  "djw": 9.9376e-08,
  "djkw": 2.24098e-07,
  "dkw": 5.8417e-08
}
