{
  "phij": 5.8248766544e-14,
  "phijk": -3.6801358087e-13,
  "phikj": 3.3139569931e-13,
  "phik": 6.8943454853e-13,
  "sphij": -4.0547684517e-17,
  "sphijk": -9.7167769907e-17,
  "sphik": 8.5900574636e-15
}
