{
  "harms": [
    3329.533,
    3327.796,
    1308.739,
    1290.402,
    851.494,
    1126.794,
    1008.258,
    844.133,
    786.23,
    489.333
  ],
  "funds": [
    3190.411,
    3139.322,
    1253,
    1273.596,
    832.377,
    1108.674,
    995.159,
    822.908,
    759.155,
    427.166
  ],
  "corrs": [
    3190.4115,
    3139.3219,
    1252.9999,
    1273.5959,
    832.3768,
    1108.6737,
    995.1586,
    829.5159,
    759.1555,
    426.0892
  ],
  "rots": [
    [
      0.302452,
      0.3022117,
      0.422178
    ],
    [
      0.3019391,
      0.3018116,
      0.421665
    ],
    [
      0.3019472,
      0.301831,
      0.4216731
    ],
    [
      0.3020127,
      0.3012522,
      0.4217387
    ],
    [
      0.3023859,
      0.3004174,
      0.4221119
    ],
    [
      0.3053706,
      0.3024135,
      0.4250965
    ],
    [
      0.3022143,
      0.303466,
      0.4219402
    ],
    [
      0.3024057,
      0.3025984,
      0.4221317
    ],
    [
      0.3027687,
      0.302105,
      0.4224947
    ],
    [
      0.2991612,
      0.3001193,
      0.4188872
    ],
    [
      0.3021565,
      0.3013405,
      0.4218825
    ],
    [
      0.3014261,
      0.3014114,
      0.4211521
    ],
    [
      0.3014423,
      0.3014502,
      0.4211683
    ],
    [
      0.3015734,
      0.3002926,
      0.4212994
    ],
    [
      0.3023198,
      0.298623,
      0.4220458
    ],
    [
      0.3082891,
      0.3026153,
      0.4280151
    ],
    [
      0.3019765,
      0.3047202,
      0.4217025
    ],
    [
      0.3023594,
      0.302985,
      0.4220853
    ],
    [
      0.3030854,
      0.3019982,
      0.4228114
    ],
    [
      0.2958704,
      0.2980268,
      0.4155964
    ],
    [
      0.3018611,
      0.3004692,
      0.4215871
    ],
    [
      0.3014342,
      0.3014308,
      0.4211602
    ],
    [
      0.3014997,
      0.300852,
      0.4212257
    ],
    [
      0.301873,
      0.3000172,
      0.4215989
    ],
    [
      0.3048576,
      0.3020133,
      0.4245836
    ],
    [
      0.3017013,
      0.3030658,
      0.4214273
    ],
    [
      0.3018927,
      0.3021982,
      0.4216187
    ],
    [
      0.3022558,
      0.3017048,
      0.4219817
    ],
    [
      0.2986483,
      0.2997191,
      0.4183742
    ],
    [
      0.3016436,
      0.3009403,
      0.4213696
    ],
    [
      0.3015079,
      0.3008714,
      0.4212338
    ],
    [
      0.3018811,
      0.3000366,
      0.421607
    ],
    [
      0.3048657,
      0.3020328,
      0.4245917
    ],
    [
      0.3017094,
      0.3030852,
      0.4214354
    ],
    [
      0.3019009,
      0.3022176,
      0.4216268
    ],
    [
      0.3022639,
      0.3017242,
      0.4219898
    ],
    [
      0.2986564,
      0.2997385,
      0.4183823
    ],
    [
      0.3016517,
      0.3009597,
      0.4213777
    ],
    [
      0.3019466,
      0.2994578,
      0.4216726
    ],
    [
      0.3049313,
      0.301454,
      0.4246572
    ],
    [
      0.3017749,
      0.3025064,
      0.4215009
    ],
    [
      0.3019664,
      0.3016388,
      0.4216923
    ],
    [
      0.3023294,
      0.3011454,
      0.4220554
    ],
    [
      0.2987219,
      0.2991597,
      0.4184479
    ],
    [
      0.3017172,
      0.3003809,
      0.4214432
    ],
    [
      0.3053045,
      0.3006191,
      0.4250304
    ],
    [
      0.3021482,
      0.3016716,
      0.4218741
    ],
    [
      0.3023396,
      0.300804,
      0.4220656
    ],
    [
      0.3027026,
      0.3003106,
      0.4224286
    ],
    [
      0.2990951,
      0.2983249,
      0.4188211
    ],
    [
      0.3020905,
      0.2995461,
      0.4218164
    ],
    [
      0.3051328,
      0.3036678,
      0.4248588
    ],
    [
      0.3053242,
      0.3028002,
      0.4250502
    ],
    [
      0.3056873,
      0.3023067,
      0.4254132
    ],
    [
      0.3020798,
      0.3003211,
      0.4218057
    ],
    [
      0.3050751,
      0.3015423,
      0.4248011
    ],
    [
      0.3021679,
      0.3038526,
      0.4218939
    ],
    [
      0.302531,
      0.3033592,
      0.4222569
    ],
    [
      0.2989235,
      0.3013735,
      0.4186494
    ],
    [
      0.3019188,
      0.3025947,
      0.4216448
    ],
    [
      0.3027224,
      0.3024916,
      0.4224484
    ],
    [
      0.2991149,
      0.3005059,
      0.4188409
    ],
    [
      0.3021102,
      0.3017271,
      0.4218362
    ],
    [
      0.2994779,
      0.3000125,
      0.4192039
    ],
    [
      0.3024733,
      0.3012337,
      0.4221992
    ],
    [
      0.2988658,
      0.299248,
      0.4185917
    ]
  ]
}
