{
  "harms": [
    3628.808,
    3393.346,
    405.041
  ],
  "funds": [
    3420.699,
    3232.103,
    994.958
  ],
  "corrs": [
    3420.6992,
    3232.1032,
    994.9576
  ],
  "rots": [
    [
      0.0104397,
      0,
      0.0104397
    ],
    [
      -0.1898607,
      0,
      -0.1898607
    ],
    [
      -0.162861,
      0,
      -0.162861
    ],
    [
      0.2076798,
      0,
      0.2076798
    ]
  ]
}
