{
  "harms": [
    3228.034,
    2215.37,
    846.798
  ],
  "funds": [
    3086.96,
    2184.787,
    830.639
  ],
  "corrs": [
    3086.9602,
    2184.7874,
    830.6391
  ],
  "rots": [
    [
      -0.0081285,
      0,
      -0.0081285
    ],
    [
      -0.0202538,
      0,
      -0.0202538
    ],
    [
      -0.0179195,
      0,
      -0.0179195
    ],
    [
      -0.0052989,
      0,
      -0.0052989
    ]
  ]
}
