{
  "harms": [
    3818.166,
    2061.446,
    455.74
  ],
  "funds": [
    3652.387,
    2025.661,
    468.513
  ],
  "corrs": [
    3652.3873,
    2025.6613,
    468.5133
  ],
  "rots": [
    [
      -0.0051815,
      0,
      -0.0051815
    ],
    [
      -0.0153304,
      0,
      -0.0153304
    ],
    [
      -0.0162976,
      0,
      -0.0162976
    ],
    [
      0.0002695,
      0,
      0.0002695
    ]
  ]
}
