{
  "harms": [
    2112.082,
    1686.738,
    556.847,
    312.085,
    97.373
  ],
  "funds": [
    2084.305,
    1631.894,
    558.106,
    324.471,
    116.286
  ],
  "corrs": [
    2084.3052,
    1631.8936,
    558.3376,
    324.2422,
    116.179
  ],
  "rots": [
    [
      0.0012545,
      0,
      0.0012545
    ],
    [
      0.0004942,
      0,
      0.0004942
    ],
    [
      0.0010166,
      0,
      0.0010166
    ],
    [
      0.0003471,
      0,
      0.0003471
    ],
    [
      0.0014569,
      0,
      0.0014569
    ],
    [
      0.0032595,
      0,
      0.0032595
    ],
    [
      -0.0002661,
      0,
      -0.0002661
    ],
    [
      0.0007787,
      0,
      0.0007787
    ],
    [
      -0.0005604,
      0,
      -0.0005604
    ],
    [
      0.0016592,
      0,
      0.0016592
    ],
    [
      0.0052645,
      0,
      0.0052645
    ],
    [
      0.0002563,
      0,
      0.0002563
    ],
    [
      -0.0004132,
      0,
      -0.0004132
    ],
    [
      0.0006965,
      0,
      0.0006965
    ],
    [
      0.0024992,
      0,
      0.0024992
    ],
    [
      0.0001092,
      0,
      0.0001092
    ],
    [
      0.0012189,
      0,
      0.0012189
    ],
    [
      0.0030216,
      0,
      0.0030216
    ],
    [
      0.0005494,
      0,
      0.0005494
    ],
    [
      0.0023521,
      0,
      0.0023521
    ],
    [
      0.0034619,
      0,
      0.0034619
    ]
  ]
}
