{
  "harms": [
    3444.12,
    2132.278,
    725.616
  ],
  "funds": [
    3311.707,
    2101.816,
    713.959
  ],
  "corrs": [
    3311.7068,
    2101.8159,
    713.959
  ],
  "rots": [
    [
      -0.0065778,
      0,
      -0.0065778
    ],
    [
      -0.0170483,
      0,
      -0.0170483
    ],
    [
      -0.0164789,
      0,
      -0.0164789
    ],
    [
      -0.0029697,
      0,
      -0.0029697
    ]
  ]
}
