{
  "harms": [
    3253.47,
    3250.966,
    3214.569,
    3141.939,
    3139.941,
    1625.315,
    1556.29,
    1451.065,
    1320.264,
    1296.008,
    1153.123,
    1145.001,
    1056.978,
    1041.647,
    953.372,
    641.32,
    443.764,
    290.685
  ],
  "funds": [
    3109.857,
    3105.617,
    3072.258,
    3007.378,
    3003.555,
    1587.556,
    1517.298,
    1413.193,
    1292.21,
    1271.072,
    1128.549,
    1119.805,
    1035.561,
    1008.711,
    940.006,
    622.837,
    432.824,
    188.325
  ],
  "corrs": [
    3109.8572,
    3105.6171,
    3072.2577,
    3011.8158,
    2991.8791,
    1585.8923,
    1518.4918,
    1413.1933,
    1292.4703,
    1269.5049,
    1136.4317,
    1119.8048,
    1035.8188,
    1008.7108,
    940.0058,
    622.8365,
    439.1814,
    188.3254
  ],
  "rots": [
    [
      0.3689075,
      0.3007544,
      1.6334856
    ],
    [
      0.3684537,
      0.3003894,
      1.6303351
    ],
    [
      0.3685153,
      0.3004401,
      1.6301555
    ],
    [
      0.3683393,
      0.3002424,
      1.6285789
    ],
    [
      0.3685665,
      0.3003826,
      1.6293036
    ],
    [
      0.3685267,
      0.30036,
      1.6296515
    ],
    [
      0.3686596,
      0.300013,
      1.6263064
    ],
    [
      0.3687563,
      0.3000184,
      1.6436374
    ],
    [
      0.3695578,
      0.300367,
      1.6416106
    ],
    [
      0.3679214,
      0.2996553,
      1.6412361
    ],
    [
      0.3702732,
      0.3007958,
      1.6267719
    ],
    [
      0.3680588,
      0.3007986,
      1.6214341
    ],
    [
      0.3679041,
      0.3007661,
      1.6246146
    ],
    [
      0.3684392,
      0.3001902,
      1.6433634
    ],
    [
      0.3680857,
      0.3009425,
      1.6202227
    ],
    [
      0.3687611,
      0.3002564,
      1.6419496
    ],
    [
      0.3663138,
      0.3000918,
      1.6363695
    ],
    [
      0.3678643,
      0.299822,
      1.6520336
    ],
    [
      0.3719477,
      0.3031271,
      1.6067642
    ]
  ]
}
