{
  "harms": [
    3370.727,
    3326.344,
    3261.075,
    1975.859,
    1681.106,
    985.859,
    919.173,
    909.038,
    767.641,
    718.71,
    715.522,
    577.481,
    501.969,
    356.207,
    149.784
  ],
  "funds": [
    3238.694,
    3191.299,
    3131.861,
    1944.762,
    1643.979,
    973.073,
    892.678,
    903.97,
    737.369,
    703.63,
    702.013,
    545.978,
    490.658,
    160.581,
    248.058
  ],
  "corrs": [
    3238.6941,
    3184.8546,
    3131.8608,
    1948.0498,
    1642.3094,
    974.3576,
    890.4075,
    902.2801,
    725.4239,
    703.6296,
    702.0134,
    545.9776,
    490.6579,
    160.5808,
    248.0577
  ],
  "rots": [
    [
      0.248502,
      0.2022558,
      1.0994987
    ],
    [
      0.2479482,
      0.2018889,
      1.0993992
    ],
    [
      0.2484575,
      0.2020287,
      1.093536
    ],
    [
      0.2484159,
      0.2020239,
      1.0942126
    ],
    [
      0.2477603,
      0.2016864,
      1.0973598
    ],
    [
      0.2488493,
      0.2023078,
      1.0936958
    ],
    [
      0.2489323,
      0.2021272,
      1.1048442
    ],
    [
      0.2485799,
      0.2021163,
      1.1109571
    ],
    [
      0.2484084,
      0.2021613,
      1.1025752
    ],
    [
      0.2477512,
      0.201486,
      1.099295
    ],
    [
      0.2475721,
      0.2021941,
      1.0975484
    ],
    [
      0.2483916,
      0.2024012,
      1.0974416
    ],
    [
      0.2465725,
      0.2006749,
      1.1083855
    ],
    [
      0.2490637,
      0.2027899,
      1.0877556
    ],
    [
      0.2489469,
      0.2028413,
      1.112492
    ],
    [
      0.2507189,
      0.2030213,
      1.0798341
    ]
  ]
}
