{
  "harms": [
    3388.971,
    3307.369,
    1504.448
  ],
  "funds": [
    3194.812,
    3132.301,
    1462.779
  ],
  "corrs": [
    3194.8119,
    3132.301,
    1462.7793
  ],
  "rots": [
    [
      13.1372118,
      8.1264051,
      22.8514805
    ],
    [
      13.0791871,
      7.9932763,
      21.7074435
    ],
    [
      12.9514964,
      7.9536779,
      22.142493
    ],
    [
      13.3138975,
      7.9912652,
      24.7580833
    ]
  ]
}
