{
  "phij": 2.8791664318653407e-12,
  "phijk": 8.877459262167296e-10,
  "phikj": -1.8158324249771486e-9,
  "phik": 1.2599864400191148e-7,
  "sphij": 1.370741368683798e-12,
  "sphijk": 4.748506561829517e-10,
  "sphik": 3.930355772992794e-8,
  "hj": 1.8035531240749226e-13,
  "hjk": 2.468145630935118e-10,
  "hkj": 3.6108761848838775e-10,
  "hk": 1.2446535412842175e-7,
  "h1": 9.851150828484152e-13,
  "h2": 1.3494055597622806e-12,
  "h3": 3.8562628583538285e-13,
  "he": 0.0
}