{
"sigma":     106.502761900786,
"rkappa":      -0.962791653635,
"delj":       0.000002464179,
"delk":       0.000618788809,
"deljk":       0.000042929508,
"sdelk":       0.000030427560,
"sdelj":       0.000000327183,
"bxa":       1.296719181220,
"bya":       1.141043810967,
"bza":       9.506799910149,
"djn":       0.000002419889,
"djkn":       0.000043195248,
"dkn":       0.000618567358,
"sdjn":       0.000000327183,
"r5":      -0.000010496765,
"r6":      -0.000000022145,
"dj":       0.000002321331,
"djk":       0.000043786600,
"dk":       0.000618074565,
"sd1":      -0.000000327183,
"sd2":      -0.000000071424,
"bxs":       1.296658040402,
"bys":       1.141104380391,
"bzs":       9.506800624392,
"djw":       0.000001809814,
"djkw":       0.000000954410,
"dkw":       0.000000354321
}
