{
    "phij":     2.8791664319e-12,
    "phijk":     8.8774592609e-10,
    "phikj":    -1.8158324251e-09,
    "phik":     1.2599864401e-07,
    "sphij":     1.3707413687e-12,
    "sphijk":     4.7485065633e-10,
    "sphik":     3.9303557713e-08
}
