{
  "harms": [
    3004.59,
    2932.596,
    1778.656,
    1534.098,
    1269.765,
    1186.913
  ],
  "funds": [
    2842.95,
    2780.093,
    1747.824,
    1499.417,
    1246.807,
    1166.931
  ],
  "corrs": [
    2826.6168,
    2778.4391,
    1747.824,
    1499.4165,
    1246.8068,
    1166.9312
  ],
  "rots": [
    [
      1.2915101,
      1.1310191,
      9.3988541
    ],
    [
      1.2900014,
      1.1295622,
      9.309069
    ],
    [
      1.2911143,
      1.1287654,
      9.2355555
    ],
    [
      1.2843465,
      1.1222495,
      9.3958479
    ],
    [
      1.3000099,
      1.1284242,
      9.4617395
    ],
    [
      1.2940476,
      1.12472,
      9.5192327
    ],
    [
      1.2791226,
      1.132344,
      9.2557884
    ]
  ]
}
