{
  "harms": [
    3819.597,
    2656.064,
    1210.969,
    1032.847,
    784.726,
    479.578
  ],
  "funds": [
    3626.696,
    2544.888,
    1176.717,
    1008.337,
    765.947,
    447.353
  ],
  "corrs": [
    3626.6959,
    2544.8881,
    1176.7168,
    1008.3374,
    763.3613,
    447.3527
  ],
  "rots": [
    [
      0.5084267,
      0.4938503,
      6.7211267
    ],
    [
      0.5076161,
      0.4934759,
      6.6405887
    ],
    [
      0.5090384,
      0.4938163,
      6.5866931
    ],
    [
      0.5070368,
      0.4938927,
      6.8208693
    ],
    [
      0.5079545,
      0.4917693,
      6.7983275
    ],
    [
      0.5040613,
      0.4895365,
      6.7145288
    ],
    [
      0.5069352,
      0.4914926,
      6.6751263
    ]
  ]
}
