{
  "harms": [
    2022.133,
    796.882,
    643.151
  ],
  "funds": [
    1941.087,
    671.057,
    628.649
  ],
  "corrs": [
    1941.0874,
    671.0565,
    628.6489
  ],
  "rots": [
    [
      0.271732,
      0.2641088,
      9.954452
    ],
    [
      0.2716597,
      0.2640537,
      9.9010485
    ],
    [
      0.2703642,
      0.2616999,
      9.4273214
    ],
    [
      0.2703279,
      0.2626619,
      9.9309183
    ]
  ]
}
