{
  "harms": [
    3943.976,
    3833.989,
    1651.332
  ],
  "funds": [
    3753.157,
    3656.491,
    1598.849
  ],
  "corrs": [
    3753.1569,
    3656.4915,
    1598.849
  ],
  "rots": [
    [
      14.5054974,
      9.2636427,
      27.6557311
    ],
    [
      14.4065525,
      9.1205479,
      26.4991369
    ],
    [
      14.2859486,
      9.086458,
      26.9663443
    ],
    [
      14.6672791,
      9.1170941,
      30.25274
    ]
  ]
}
