{
  "harms": [
    2958.186,
    1608.008,
    1549.893
  ],
  "funds": [
    2671.569,
    1557.669,
    1484.574
  ],
  "corrs": [
    2657.4508,
    1557.6694,
    1484.5742
  ],
  "rots": [
    [
      1.4120467,
      1.3071834,
      18.6469775
    ],
    [
      1.4183719,
      1.3100004,
      17.7734117
    ],
    [
      1.4029792,
      1.2969741,
      18.7925968
    ],
    [
      1.4079369,
      1.2958008,
      18.9574734
    ]
  ]
}
