{
  "phij": 0.0,
  "phijk": 0.0,
  "phikj": 0.0,
  "phik": 0.0,
  "sphij": 0.0,
  "sphijk": 0.0,
  "sphik": 0.0,
  "hj": 1.7404502827752925e-7,
  "hjk": -5.992733386241491e-7,
  "hkj": 7.006266345099315e-7,
  "hk": -2.599972833872959e-7,
  "h1": 1.437350012320857e-11,
  "h2": -3.764660313769468e-11,
  "h3": -5.266537892691083e-9,
  "he": 0.0
}