{
"sigma": -13174897.073937663808,
"rkappa":       0.999999696392,
"delj":       0.000000000000,
"delk":       0.000000000000,
"deljk":       0.000000000000,
"sdelk":       0.000000000000,
"sdelj":       0.000000000000,
"bxa":       0.000000000000,
"bya":       0.000000000000,
"bza":       0.000000000000,
"djn":       0.000740523525,
"djkn":      -0.001310488156,
"dkn":       0.000745401512,
"sdjn":      -0.000000011240,
"r5":      -0.000000010165,
"r6":       0.000000001560,
"dj":       0.000740523525,
"djk":      -0.001310488156,
"dk":       0.000745401512,
"sd1":       0.000000011240,
"sd2":       0.000000001560,
"bxs":       9.996076361820,
"bys":       9.996076995795,
"bzs":       6.355479563978,
"djw":       0.000740497926,
"djkw":      -0.001310418779,
"dkw":       0.000745357734
}
