{
  "phij": 1.7404502826e-07,
  "phijk": -5.992733386e-07,
  "phikj": 7.0062663438e-07,
  "phik": -2.5999728338e-07,
  "sphij": 1.4373500122e-11,
  "sphijk": -3.7646603151e-11,
  "sphik": -5.2665378936e-09
}
