{
  "harms": [
    3487.902,
    1057.805,
    3618.958,
    1681.216
  ],
  "funds": [
    3316.941,
    957.595,
    3444.532,
    1628.605
  ],
  "corrs": [
    3344.0702,
    957.5949,
    3444.5318,
    1628.6053
  ],
  "rots": [
    [
      9.9082167,
      9.9082173,
      6.2185275
    ],
    [
      9.7539669,
      9.7539675,
      6.1752639
    ],
    [
      9.8195522,
      9.8195528,
      6.1592597
    ],
    [
      9.7235781,
      9.7235787,
      6.204966
    ],
    [
      10.1264528,
      10.1264534,
      6.1464026
    ],
    [
      9.599717,
      9.5997177,
      6.1320002
    ],
    [
      9.7308877,
      9.7308883,
      6.0999919
    ],
    [
      9.5389395,
      9.5389401,
      6.1914045
    ],
    [
      10.3446889,
      10.3446895,
      6.0742778
    ]
  ]
}
