{
  "phij": 2.725598552249103e-16,
  "phijk": 5.435674615937136e-12,
  "phikj": -1.1246297063283693e-10,
  "phik": 1.1299998494291674e-10,
  "sphij": 2.3620003549255397e-16,
  "sphijk": 2.7354947021382372e-12,
  "sphik": 2.059254926619935e-10,
  "hj": -6.117944484780867e-15,
  "hjk": 3.448052465682776e-12,
  "hkj": -1.0574170588374175e-10,
  "hk": 1.0827273286508095e-10,
  "h1": -4.275406207850632e-16,
  "h2": 3.1952521707534083e-15,
  "h3": 6.637406565444686e-16,
  "he": 0.0
}