{
"sigma":     190.771534562205,
"rkappa":      -0.979141847047,
"delj":       0.000000010791,
"delk":       0.000003537671,
"deljk":       0.000000996234,
"sdelk":       0.000000547935,
"sdelj":       0.000000001126,
"bxa":       0.116769382850,
"bya":       0.105949356428,
"bza":       1.143419896407,
"djn":       0.000000010681,
"djkn":       0.000000996893,
"dkn":       0.000003537122,
"sdjn":       0.000000001126,
"r5":      -0.000000253008,
"r6":      -0.000000000055,
"dj":       0.000000009355,
"djk":       0.000001004851,
"dk":       0.000003530490,
"sd1":      -0.000000001126,
"sd2":      -0.000000000718,
"bxs":       0.116768284108,
"bys":       0.105950449426,
"bzs":       1.143419903587,
"djw":       0.000000008539,
"djkw":       0.000000003625,
"dkw":       0.000000000879
}
