{
    "phij":     2.7255985522e-16,
    "phijk":     5.4356746168e-12,
    "phikj":    -1.1246297062e-10,
    "phik":     1.1299998495e-10,
    "sphij":     2.3620003549e-16,
    "sphijk":     2.7354947023e-12,
    "sphik":     2.0592549265e-10
}
