{
  "harms": [
    3271.588,
    2280.2,
    1728.366,
    1277.165,
    1116.295,
    947.213,
    904.212,
    680.773,
    532.877,
    530.075,
    221.136,
    203.537
  ],
  "funds": [
    3137.224,
    2242.7,
    1696.042,
    1246.28,
    1087.641,
    923.994,
    868.428,
    673.672,
    533.259,
    522.684,
    219.897,
    199.729
  ],
  "corrs": [
    3136.5497,
    2241.1659,
    1685.5574,
    1244.4362,
    1087.3285,
    924.2712,
    868.4275,
    671.8692,
    533.2592,
    522.6839,
    219.8974,
    199.7294
  ],
  "rots": [
    [
      0.1166472,
      0.105683,
      1.1368401
    ],
    [
      0.1165689,
      0.1055835,
      1.1326796
    ],
    [
      0.1161408,
      0.105269,
      1.1371097
    ],
    [
      0.1162408,
      0.1053415,
      1.1352049
    ],
    [
      0.1165685,
      0.1055476,
      1.1339798
    ],
    [
      0.1165098,
      0.1054761,
      1.1368673
    ],
    [
      0.1167279,
      0.1056692,
      1.1559776
    ],
    [
      0.1166119,
      0.1057158,
      1.1134226
    ],
    [
      0.1165123,
      0.1055315,
      1.1359287
    ],
    [
      0.1168071,
      0.1058801,
      1.1333446
    ],
    [
      0.1167874,
      0.1057379,
      1.1411767
    ],
    [
      0.1169585,
      0.1060503,
      1.1311903
    ],
    [
      0.1170883,
      0.1058608,
      1.1420401
    ]
  ]
}
