{
  "harms": [
    3357.967,
    1840.313,
    510.231
  ],
  "funds": [
    3212.595,
    1808.999,
    500.32
  ],
  "corrs": [
    3212.5951,
    1808.9985,
    500.3202
  ],
  "rots": [
    [
      -0.0055595,
      0,
      -0.0055595
    ],
    [
      -0.0154483,
      0,
      -0.0154483
    ],
    [
      -0.0157612,
      0,
      -0.0157612
    ],
    [
      -0.0010736,
      0,
      -0.0010736
    ]
  ]
}
