{
  "phij": 3.957709773339262e-12,
  "phijk": 6.186716701859125e-11,
  "phikj": -2.6488992398201025e-10,
  "phik": 2.3098256164269482e-10,
  "sphij": 1.9729569897985895e-12,
  "sphijk": 3.4698916875353816e-11,
  "sphik": -1.0841058249704199e-11,
  "hj": -3.792863451554875e-12,
  "hjk": 1.0538573388660766e-10,
  "hkj": -2.936932151908905e-10,
  "hk": 2.2401785918176764e-10,
  "h1": 1.8369593757425347e-12,
  "h2": 3.875286612447068e-12,
  "h3": 1.3599761405605473e-13,
  "he": 0.0
}