{
"sigma":       1.371762479689,
"rkappa":       0.686509519505,
"delj":       0.000001350622,
"delk":       0.000001959960,
"deljk":       0.000001482501,
"sdelk":       0.000001881762,
"sdelj":       0.000000528245,
"bxa":       1.075683433980,
"bya":       0.560749967922,
"bza":       1.171395289524,
"djn":       0.000001114252,
"djkn":       0.000002900716,
"dkn":       0.000000778114,
"sdjn":       0.000000528245,
"r5":      -0.000000616639,
"r6":      -0.000000118185,
"dj":       0.000000664730,
"djk":       0.000005597853,
"dk":      -0.000001469501,
"sd1":      -0.000000528245,
"sd2":      -0.000000342946,
"bxs":       1.075678298672,
"bys":       0.560752359662,
"bzs":       1.171398718985,
"djw":       0.000000294131,
"djkw":       0.000000222028,
"dkw":       0.000001890953
}
