{
"phij":     3.9577097732e-12,
"phijk":     6.1867167017e-11,
"phikj":    -2.6488992399e-10,
"phik":     2.3098256164e-10,
"sphij":     1.9729569899e-12,
"sphijk":     3.4698916882e-11,
"sphik":    -1.0841058249e-11
}
