{
  "harms": [
    3281.244,
    3247.542,
    1623.324,
    1307.596,
    1090.695,
    992.978,
    908.49,
    901.527,
    785.379
  ],
  "funds": [
    3140.143,
    3113.291,
    1589.145,
    1273.134,
    1059.518,
    967.498,
    887.124,
    846.157,
    769.621
  ],
  "corrs": [
    3128.0334,
    3113.2905,
    1590.4504,
    1273.1343,
    1059.5183,
    967.4984,
    887.1237,
    846.1574,
    769.6211
  ],
  "rots": [
    [
      1.0698213,
      0.555832,
      1.164239
    ],
    [
      1.0654263,
      0.5542023,
      1.1623162
    ],
    [
      1.0657074,
      0.554308,
      1.1623299
    ],
    [
      1.0636657,
      0.5543932,
      1.164508
    ],
    [
      1.0701748,
      0.5562002,
      1.1611437
    ],
    [
      1.0710911,
      0.5513147,
      1.1597812
    ],
    [
      1.0660912,
      0.5563704,
      1.1651243
    ],
    [
      1.072771,
      0.5538975,
      1.1626042
    ],
    [
      1.0721596,
      0.5553355,
      1.1661798
    ],
    [
      1.06958,
      0.5566301,
      1.1598515
    ]
  ]
}
