{
  "harms": [
    3247.508,
    3221.742,
    3154.766,
    3139.948,
    1670.753,
    1477.203,
    1368.401,
    1248.191,
    1050.372,
    963.59,
    949.528,
    825.328
  ],
  "funds": [
    3100.446,
    3077.311,
    3018.54,
    3002.267,
    1628.356,
    1438.894,
    1341.479,
    1226.678,
    1026.022,
    951.26,
    941.624,
    824.845
  ],
  "corrs": [
    3100.4457,
    3077.3107,
    3015.8213,
    2979.3081,
    1623.3333,
    1438.8935,
    1341.479,
    1226.6782,
    1026.0215,
    951.2596,
    941.6239,
    824.8455
  ],
  "rots": [
    [
      0.9970401,
      0.8248075,
      4.8494804
    ],
    [
      0.9947683,
      0.8228278,
      4.8243607
    ],
    [
      0.9949314,
      0.8231617,
      4.823113
    ],
    [
      0.9955651,
      0.8226191,
      4.8075485
    ],
    [
      0.9958393,
      0.8228462,
      4.8145918
    ],
    [
      0.994215,
      0.8200035,
      4.862886
    ],
    [
      1.0034137,
      0.8232344,
      4.9139004
    ],
    [
      0.997891,
      0.8227265,
      4.8610528
    ],
    [
      0.9985823,
      0.8226827,
      4.9862962
    ],
    [
      1.0089206,
      0.8248211,
      4.7597391
    ],
    [
      0.9915097,
      0.8261627,
      4.8145231
    ],
    [
      0.9914967,
      0.8255042,
      4.7222717
    ],
    [
      0.9821457,
      0.8232351,
      4.8993175
    ]
  ]
}
