{
  "harms": [
    3566.795,
    2444.141,
    1248.723,
    1067.663,
    589.193,
    534.68
  ],
  "funds": [
    3390.838,
    2396.185,
    1229.054,
    1020.355,
    609.205,
    553.637
  ],
  "corrs": [
    3386.3922,
    2396.6339,
    1271.9424,
    1020.3549,
    609.2047,
    553.6366
  ],
  "rots": [
    [
      0.3588202,
      0.3533559,
      25.946646
    ],
    [
      0.3584662,
      0.3527842,
      24.6693872
    ],
    [
      0.3561752,
      0.3507574,
      25.7821886
    ],
    [
      0.3577203,
      0.352291,
      25.7872619
    ],
    [
      0.359056,
      0.3531193,
      29.3720482
    ],
    [
      0.3593579,
      0.3543996,
      25.2509946
    ],
    [
      0.3600541,
      0.353899,
      26.2210097
    ]
  ]
}
