{
  "harms": [
    1780.099,
    812.037,
    188.036
  ],
  "funds": [
    1747.675,
    844.856,
    165.791
  ],
  "corrs": [
    1748.546,
    844.8562,
    165.7908
  ],
  "rots": [
    [
      0.4367362,
      0.3469038,
      1.7514777
    ],
    [
      0.4370164,
      0.3464118,
      1.7349217
    ],
    [
      0.4346681,
      0.3455502,
      1.750235
    ],
    [
      0.4304096,
      0.3390388,
      1.7891357
    ]
  ]
}
