{
  "harms": [
    2677.227,
    2674.79,
    907.864,
    907.724,
    528.03,
    441.083
  ],
  "funds": [
    2566.21,
    2563.463,
    887.098,
    886.149,
    516.798,
    417.641
  ],
  "corrs": [
    2566.2099,
    2563.4626,
    889.6692,
    886.1489,
    516.7978,
    417.6406
  ],
  "rots": [
    [
      0.232811,
      0.2299621,
      4.8839052
    ],
    [
      0.2329935,
      0.2301743,
      4.815529
    ],
    [
      0.2330166,
      0.230195,
      4.8133091
    ],
    [
      0.2344791,
      0.2295196,
      5.2133549
    ],
    [
      0.2298432,
      0.2291777,
      4.6496731
    ],
    [
      0.231439,
      0.2286261,
      4.8816516
    ],
    [
      0.2318699,
      0.2287908,
      4.8553507
    ]
  ]
}
