{
  "phij": 4.602854095148718e-7,
  "phijk": -2.968684436684528e-6,
  "phikj": -7.511875955865441e-6,
  "phik": 0.00006961235599195762,
  "sphij": 2.2800342138693828e-7,
  "sphijk": -5.840135704814829e-7,
  "sphik": 0.000011285096715141514,
  "hj": 4.6659985489027875e-7,
  "hjk": -5.477646976028997e-6,
  "hkj": 7.566158245381877e-7,
  "hk": 0.00006384651230952581,
  "h1": 2.0228648917512125e-7,
  "h2": -3.1572226673560947e-9,
  "h3": 2.5716932208481373e-8,
  "he": 0.0
}