{
    "sigma":       6.005248514242,
    "rkappa":      -0.428999557708,
    "delj":       0.001166280226,
    "delk":       0.025393254916,
    "deljk":      -0.004987360073,
    "sdelk":       0.000365649804,
    "sdelj":       0.000466374979,
    "bxa":      14.582575635866,
    "bya":       9.496406952451,
    "bza":      27.279350514004,
    "djn":       0.000961519731,
    "djkn":      -0.003758797104,
    "dkn":       0.024369452443,
    "sdjn":       0.000466374979,
    "r5":       0.001046812755,
    "r6":      -0.000102380247,
    "dj":       0.001135836040,
    "djk":      -0.004804694957,
    "dk":       0.025241033987,
    "sd1":      -0.000466374979,
    "sd2":      -0.000015222093,
    "bxs":      14.581783447887,
    "bys":       9.497077363686,
    "bzs":      27.279502734933,
    "djw":       0.000233530268,
    "djkw":       0.000227415958,
    "dkw":       0.001638083958
}
