{
    "phij":     4.6028540967e-07,
    "phijk":    -2.9686844368e-06,
    "phikj":    -7.5118759558e-06,
    "phik":     6.9612355994e-05,
    "sphij":     2.2800342138e-07,
    "sphijk":    -5.8401357040e-07,
    "sphik":     1.1285096717e-05
}
