{
  "harms": [
    3943.69,
    3833.702,
    1650.933
  ],
  "funds": [
    3753.166,
    3656.537,
    1598.516
  ],
  "corrs": [
    3753.1664,
    3656.5375,
    1598.5155
  ],
  "rots": [
    [
      14.5045042,
      9.2632043,
      27.6557799
    ],
    [
      14.4058164,
      9.1202295,
      26.4993151
    ],
    [
      14.2851893,
      9.0861663,
      26.9667706
    ],
    [
      14.6663642,
      9.116812,
      30.2541128
    ]
  ]
}
