{
  "harms": [
    3527.284,
    2364.314,
    1408.476,
    1035.61,
    470.118,
    418.292
  ],
  "funds": [
    3336.739,
    2322.186,
    1367.607,
    1008.381,
    483.95,
    434.894
  ],
  "corrs": [
    3333.9706,
    2322.1857,
    1367.6068,
    1019.9263,
    483.9499,
    434.8941
  ],
  "rots": [
    [
      0.3763693,
      0.3691429,
      20.7839433
    ],
    [
      0.3761215,
      0.3686987,
      19.9765678
    ],
    [
      0.3737957,
      0.3666403,
      20.7089861
    ],
    [
      0.3767943,
      0.3690376,
      21.7027528
    ],
    [
      0.3737029,
      0.3663966,
      20.7960193
    ],
    [
      0.3766838,
      0.3701355,
      20.6166186
    ],
    [
      0.3776983,
      0.3696179,
      20.9651586
    ]
  ]
}
